{
  "routes": [
    {
      "method": "GET",
      "path": "/feeds",
      "handler": "feed.find",
      "config": {
        "policies": []
      }
    },
    {
      "method": "GET",
      "path": "/feeds/count",
      "handler": "feed.count",
      "config": {
        "policies": []
      }
    },
    {
      "method": "GET",
      "path": "/feeds/:id",
      "handler": "feed.findOne",
      "config": {
        "policies": []
      }
    },
    {
      "method": "POST",
      "path": "/feeds",
      "handler": "feed.create",
      "config": {
        "policies": []
      }
    },
    {
      "method": "PUT",
      "path": "/feeds/:id",
      "handler": "feed.update",
      "config": {
        "policies": []
      }
    },
    {
      "method": "DELETE",
      "path": "/feeds/:id",
      "handler": "feed.delete",
      "config": {
        "policies": []
      }
    }
  ]
}
